1,Eco Shopper,Alice Johnson,789 Eco Ave,EcoTown,ET789,EcoCountry
2,Green Buyer,Bob Brown,321 Green St,EcoVille,EV321,EcoLand
3,Healthy World,Jeremy Doku,676 Eco Way,Antwerp,EV658,Belgium
4,Green Mood,Phil Foden,456 Earth St,Stockport,ET478,England
5,Green Clothes,Kyle Walker,755 Earth St,Sheffield,ET485,England
6,New World,Rico Lewis,332 Forest Drive,Bury,ET239,England
7,Green Mood,Jack Grealish,976 Tree St,Birmingham,ET136,England
8,Eco Gen,Manuel Akanji,343 Green Road,Neftenbach,EV199,Switzerland
9,Eco Next Gen,Oscar Bobb,562 Earth Road,Oslo,EV211,Norway
10,New World,John Stones,784 Plant St,Barnsley,ET945,England

fsddfs
